Timestamp,IÕm over 18 years of age   ,I consent to participate in the study   ,Who has the final say in making decisions about the following six issues?  [Buying a car or furniture],Who has the final say in making decisions about the following six issues?  [Having children],Who has the final say in making decisions about the following six issues?  [What house or apartment to take],Who has the final say in making decisions about the following six issues?  [What job either partner should take],Who has the final say in making decisions about the following six issues?  [Whether a partner should go to work or quit work],Who has the final say in making decisions about the following six issues?  [How much money to spend each week on food],Please choose one option for each of the following questions [I feel my partner is affectionate enough],Please choose one option for each of the following questions [I feel that my partner treats me badly],Please choose one option for each of the following questions [I feel that my partner really cares for me],Please choose one option for each of the following questions [I feel that I would not choose the same partner if I had it to do over],Please choose one option for each of the following questions [I feel that I can trust my partner],Please choose one option for each of the following questions [I feel that our relationship is breaking up],Please choose one option for each of the following questions [I feel that my partner doesn't understand me],Please choose one option for each of the following questions [I feel that our relationship is a good one],Please choose one option for each of the following questions [I feel that ours is a very happy relationship],Please choose one option for each of the following questions [I feel that our life together is dull],Please choose one option for each of the following questions [I feel that we have a lot of fun together],Please choose one option for each of the following questions [I feel that my partner doesn't confide in me],Please choose one option for each of the following questions [I feel that ours is a very close relationship],Please choose one option for each of the following questions [I feel that I cannot rely on my partner],Please choose one option for each of the following questions [I feel that we do not have enough interests in common],Please choose one option for each of the following questions [I feel that we manage arguments and disagreements very well],Please choose one option for each of the following questions [I feel that we do a good job of managing our finances],Please choose one option for each of the following questions [I feel that I should never have married my partner],Please choose one option for each of the following questions [I feel that my partner and I get along very well together],Please choose one option for each of the following questions [I feel that our relationship is stable],Please choose one option for each of the following questions [I feel that my partner is pleased with me as a sex partner],Please choose one option for each of the following questions [I feel that we should do more things together],Please choose one option for each of the following questions [I feel that the future looks bright for our relationship],Please choose one option for each of the following questions [I feel that our relationship is empty],Please choose one option for each of the following questions [I feel there is no excitement in our relationship],Gender,Age,Number of male siblings ,Number of female siblings,Would you consider yourself having influenced by female figures other than your mother?,Have you spent substantial amount of time with cousins (first or second) in your childhood or in your adulthood?,"If yes, how many were males (approx.)","If yes, how many were females (approx.)?",Which of the following best describes your current relationship status? ,"Length of the current relationship, if applicable (approx.)",Who has the final say in making decisions about the following six issues?  [How much money to send to relatives]
9/25/2015 12:46:33,Yes,Yes,you alone,you and your partner exactly the same,you alone,you and your partner exactly the same,your partner alone,you and your partner exactly the same,Sometime,Rarely or none of the time,Most or all of the time,Most or all of the time,A good part of the time,Sometime,Sometime,A good part of the time,Most or all of the time,A little of the time,A good part of the time,Sometime,Sometime,Sometime,Sometime,Most or all of the time,A good part of the time,Rarely or none of the time,A good part of the time,A good part of the time,Most or all of the time,Most or all of the time,A good part of the time,A good part of the time,A little of the time,Male,26,1,1,No,No,,,Seperated,,
9/25/2015 13:55:46,Yes,Yes,you alone,you and your partner exactly the same,you and your partner exactly the same,you and your partner exactly the same,your partner more than you,you and your partner exactly the same,A good part of the time,Rarely or none of the time,A good part of the time,Sometime,Most or all of the time,Most or all of the time,A little of the time,Most or all of the time,A little of the time,A little of the time,Most or all of the time,Sometime,Most or all of the time,Rarely or none of the time,Rarely or none of the time,Most or all of the time,Sometime,Rarely or none of the time,Most or all of the time,Most or all of the time,Sometime,Most or all of the time,Sometime,Rarely or none of the time,Rarely or none of the time,Male,26,0,3,No,No,2,5,"Single, never married",1 year,
9/25/2015 17:30:23,Yes,Yes,you more than your partner,you and your partner exactly the same,you and your partner exactly the same,you and your partner exactly the same,your partner more than you,you and your partner exactly the same,Sometime,Sometime,,,,,,,,,,,,,,,,,,,,,,,,Male,24,1,0,No,No,,,"Single, never married",,
9/26/2015 10:09:36,Yes,Yes,you more than your partner,you and your partner exactly the same,you and your partner exactly the same,you and your partner exactly the same,you and your partner exactly the same,you and your partner exactly the same,A little of the time,Rarely or none of the time,Sometime,Rarely or none of the time,A little of the time,Sometime,Sometime,Sometime,A little of the time,Rarely or none of the time,A little of the time,Rarely or none of the time,A little of the time,A little of the time,Sometime,Sometime,Sometime,Sometime,A little of the time,A little of the time,Sometime,Sometime,A little of the time,Sometime,A little of the time,Male,21,0,2,Yes,Yes,2,4,"Single, never married",,
9/26/2015 10:13:22,Yes,Yes,you and your partner exactly the same,your partner more than you,you and your partner exactly the same,your partner alone,your partner alone,you alone,Sometime,A little of the time,A good part of the time,A little of the time,A good part of the time,Sometime,A little of the time,A little of the time,Sometime,Rarely or none of the time,Most or all of the time,A little of the time,Most or all of the time,Rarely or none of the time,A little of the time,A little of the time,Sometime,Rarely or none of the time,Sometime,Sometime,Rarely or none of the time,Sometime,Rarely or none of the time,Rarely or none of the time,A little of the time,Male,20,1,0,Yes,Yes,2,4,"Single, never married",One year ,
9/26/2015 10:41:20,Yes,Yes,you alone,you and your partner exactly the same,you more than your partner,you and your partner exactly the same,you and your partner exactly the same,you more than your partner,Sometime,Sometime,Sometime,A good part of the time,Sometime,Sometime,Sometime,Sometime,Sometime,Sometime,Sometime,A good part of the time,Sometime,Sometime,A good part of the time,A little of the time,Sometime,Rarely or none of the time,Sometime,Sometime,Sometime,Sometime,A little of the time,A little of the time,Sometime,Male,22,0,1,No,Yes,4,1,In a relationship,3,
9/26/2015 11:55:42,Yes,Yes,you and your partner exactly the same,your partner more than you,you and your partner exactly the same,you more than your partner,your partner alone,you and your partner exactly the same,A good part of the time,A little of the time,Most or all of the time,A little of the time,A good part of the time,Sometime,Sometime,A good part of the time,A good part of the time,A little of the time,A good part of the time,Sometime,A good part of the time,Sometime,A little of the time,Sometime,Sometime,Sometime,A good part of the time,A good part of the time,A good part of the time,Most or all of the time,A good part of the time,A little of the time,Sometime,Male,22,0,0,Yes,No,,,In a relationship,6 years ,
9/26/2015 15:07:34,Yes,Yes,you and your partner exactly the same,you and your partner exactly the same,you and your partner exactly the same,you and your partner exactly the same,you and your partner exactly the same,you and your partner exactly the same,Rarely or none of the time,A little of the time,A good part of the time,Sometime,Rarely or none of the time,Most or all of the time,A good part of the time,Sometime,Sometime,A little of the time,Most or all of the time,Sometime,Sometime,Sometime,Sometime,A little of the time,A good part of the time,A good part of the time,A good part of the time,A little of the time,A good part of the time,A good part of the time,Rarely or none of the time,A good part of the time,A little of the time,Male,22,0,0,Yes,Yes,5,1,"Single, never married",,
9/26/2015 15:39:31,Yes,Yes,you and your partner exactly the same,you and your partner exactly the same,you and your partner exactly the same,you more than your partner,your partner more than you,you and your partner exactly the same,A little of the time,Rarely or none of the time,A good part of the time,A little of the time,,Sometime,Sometime,A little of the time,Sometime,Sometime,A good part of the time,Rarely or none of the time,A little of the time,A little of the time,A good part of the time,Rarely or none of the time,A little of the time,A good part of the time,Sometime,Sometime,Sometime,A little of the time,A little of the time,Rarely or none of the time,Rarely or none of the time,Male,23,0,1,No,Yes,2,3,"Single, never married",,
9/26/2015 20:46:08,Yes,Yes,your partner more than you,you and your partner exactly the same,you and your partner exactly the same,your partner more than you,your partner more than you,you alone,Sometime,A little of the time,A good part of the time,Sometime,Sometime,A good part of the time,Sometime,Sometime,A little of the time,Sometime,Sometime,Most or all of the time,A good part of the time,A good part of the time,Sometime,Sometime,Sometime,Sometime,Sometime,Sometime,Sometime,Sometime,A good part of the time,A good part of the time,A good part of the time,Male,20,1,0,Yes,Yes,,,"Single, never married",,
9/26/2015 21:29:57,Yes,Yes,you alone,you and your partner exactly the same,you and your partner exactly the same,you and your partner exactly the same,you and your partner exactly the same,you and your partner exactly the same,Most or all of the time,Rarely or none of the time,Rarely or none of the time,Rarely or none of the time,Most or all of the time,Rarely or none of the time,Rarely or none of the time,Most or all of the time,Most or all of the time,Rarely or none of the time,Most or all of the time,Rarely or none of the time,Most or all of the time,Rarely or none of the time,Rarely or none of the time,Most or all of the time,Most or all of the time,Rarely or none of the time,Most or all of the time,Most or all of the time,Most or all of the time,Most or all of the time,Most or all of the time,Rarely or none of the time,Rarely or none of the time,Male,21,1,1,Yes,No,,,"Single, never married",,
9/26/2015 22:07:12,Yes,Yes,you more than your partner,you and your partner exactly the same,you and your partner exactly the same,you more than your partner,you more than your partner,you and your partner exactly the same,Sometime,Sometime,Sometime,A little of the time,Sometime,A good part of the time,A little of the time,Sometime,Sometime,A little of the time,Sometime,A little of the time,Sometime,Rarely or none of the time,Sometime,Sometime,Sometime,A little of the time,Sometime,A little of the time,Sometime,Sometime,A little of the time,Sometime,Sometime,Male,20,0,1,Yes,Yes,2,4,"Single, never married",,
9/27/2015 9:58:08,Yes,Yes,you and your partner exactly the same,you and your partner exactly the same,you and your partner exactly the same,you and your partner exactly the same,you more than your partner,your partner alone,A good part of the time,A little of the time,Most or all of the time,Rarely or none of the time,A good part of the time,Rarely or none of the time,Sometime,Sometime,Sometime,Rarely or none of the time,A good part of the time,Rarely or none of the time,Sometime,Rarely or none of the time,Sometime,A good part of the time,A good part of the time,Rarely or none of the time,A good part of the time,A good part of the time,Rarely or none of the time,Sometime,A good part of the time,Rarely or none of the time,Rarely or none of the time,Male,23,0,2,Yes,Yes,3,2,"Single, never married",,
9/27/2015 23:11:31,Yes,Yes,you and your partner exactly the same,you and your partner exactly the same,you and your partner exactly the same,you more than your partner,your partner more than you,your partner alone,Sometime,Rarely or none of the time,Most or all of the time,Rarely or none of the time,Most or all of the time,Rarely or none of the time,A good part of the time,Most or all of the time,A good part of the time,Rarely or none of the time,A good part of the time,A good part of the time,Most or all of the time,Rarely or none of the time,Sometime,A good part of the time,Sometime,Rarely or none of the time,Most or all of the time,Most or all of the time,A good part of the time,Most or all of the time,Most or all of the time,Rarely or none of the time,A little of the time,Male,22,0,1,Yes,Yes,2,4,In a relationship,2 years,
9/28/2015 8:22:40,Yes,Yes,you more than your partner,you and your partner exactly the same,you and your partner exactly the same,you and your partner exactly the same,you and your partner exactly the same,you and your partner exactly the same,A good part of the time,Rarely or none of the time,Most or all of the time,Rarely or none of the time,Most or all of the time,Rarely or none of the time,A little of the time,A good part of the time,Most or all of the time,A little of the time,A good part of the time,Rarely or none of the time,Most or all of the time,Rarely or none of the time,A little of the time,A good part of the time,A good part of the time,Rarely or none of the time,A good part of the time,A good part of the time,A good part of the time,A good part of the time,A good part of the time,Rarely or none of the time,Rarely or none of the time,Male,47,0,1,No,No,,,Married,24 years,
9/28/2015 16:23:53,Yes,Yes,you alone,you and your partner exactly the same,you alone,you and your partner exactly the same,your partner more than you,you and your partner exactly the same,A good part of the time,Rarely or none of the time,Most or all of the time,Rarely or none of the time,Most or all of the time,Rarely or none of the time,Rarely or none of the time,Most or all of the time,A good part of the time,Rarely or none of the time,A good part of the time,Rarely or none of the time,A good part of the time,Rarely or none of the time,Rarely or none of the time,A good part of the time,A good part of the time,Rarely or none of the time,Most or all of the time,A good part of the time,Most or all of the time,A good part of the time,A good part of the time,Rarely or none of the time,Rarely or none of the time,Male,25,0,1,Yes,Yes,5,5,In a relationship,1 year,you more than your partner
9/28/2015 16:35:48,Yes,Yes,you alone,you and your partner exactly the same,you and your partner exactly the same,your partner alone,your partner alone,you and your partner exactly the same,Most or all of the time,Rarely or none of the time,Most or all of the time,Most or all of the time,Most or all of the time,Rarely or none of the time,Rarely or none of the time,Most or all of the time,Most or all of the time,Rarely or none of the time,Most or all of the time,Rarely or none of the time,Most or all of the time,Rarely or none of the time,Rarely or none of the time,Most or all of the time,Most or all of the time,Rarely or none of the time,Most or all of the time,Most or all of the time,Most or all of the time,Rarely or none of the time,Most or all of the time,Rarely or none of the time,Rarely or none of the time,Male,28,1,0,Yes,Yes,10,15,In a relationship,1 year,you and your partner exactly the same
9/28/2015 17:04:03,Yes,Yes,you and your partner exactly the same,you and your partner exactly the same,you and your partner exactly the same,you and your partner exactly the same,your partner more than you,you and your partner exactly the same,A good part of the time,Sometime,Most or all of the time,Rarely or none of the time,Most or all of the time,A little of the time,Sometime,A good part of the time,Most or all of the time,Rarely or none of the time,Most or all of the time,Rarely or none of the time,Most or all of the time,Rarely or none of the time,A little of the time,A good part of the time,Most or all of the time,Rarely or none of the time,A good part of the time,Sometime,Most or all of the time,A good part of the time,Most or all of the time,A little of the time,A little of the time,Male,27,0,1,Yes,Yes,1,5,"Single, never married",Single... was in deep relationship...never married... but always in dat broken love... Hoping 2 get married with a awesome gal... to continue the process of evolution n societal needs...,you more than your partner
9/29/2015 1:42:25,Yes,Yes,you and your partner exactly the same,your partner more than you,you and your partner exactly the same,you and your partner exactly the same,you and your partner exactly the same,you more than your partner,Most or all of the time,Rarely or none of the time,A good part of the time,Rarely or none of the time,Most or all of the time,Rarely or none of the time,A little of the time,Most or all of the time,Most or all of the time,Rarely or none of the time,A good part of the time,Rarely or none of the time,Most or all of the time,Rarely or none of the time,A little of the time,A good part of the time,A good part of the time,Rarely or none of the time,Most or all of the time,Most or all of the time,A good part of the time,A good part of the time,A good part of the time,Rarely or none of the time,Rarely or none of the time,Male,30,0,1,Yes,Yes,4,4,Married,1year,you and your partner exactly the same
9/29/2015 13:40:16,Yes,Yes,you alone,you and your partner exactly the same,you and your partner exactly the same,your partner alone,your partner alone,you alone,Most or all of the time,A good part of the time,Most or all of the time,Rarely or none of the time,Most or all of the time,Rarely or none of the time,Rarely or none of the time,Most or all of the time,Most or all of the time,Sometime,Most or all of the time,Rarely or none of the time,Rarely or none of the time,Rarely or none of the time,A little of the time,Most or all of the time,Most or all of the time,Rarely or none of the time,Most or all of the time,Most or all of the time,Most or all of the time,Most or all of the time,Most or all of the time,Rarely or none of the time,Most or all of the time,Male,22,1,0,No,Yes,6,5,In a relationship,2,you and your partner exactly the same
9/29/2015 17:54:54,Yes,Yes,your partner more than you,you and your partner exactly the same,your partner more than you,you and your partner exactly the same,you and your partner exactly the same,you and your partner exactly the same,A good part of the time,Rarely or none of the time,Sometime,Sometime,A good part of the time,A good part of the time,A good part of the time,Most or all of the time,A little of the time,A good part of the time,A little of the time,A little of the time,A good part of the time,A good part of the time,Sometime,Sometime,A little of the time,Sometime,A little of the time,,A good part of the time,A good part of the time,Rarely or none of the time,Sometime,A little of the time,Male,27,1,0,Yes,Yes,2,3,Seperated,0,you and your partner exactly the same
9/29/2015 19:11:22,Yes,Yes,you and your partner exactly the same,your partner more than you,you and your partner exactly the same,you and your partner exactly the same,you and your partner exactly the same,your partner more than you,Most or all of the time,Sometime,A good part of the time,Rarely or none of the time,Most or all of the time,A little of the time,Sometime,A good part of the time,A good part of the time,Rarely or none of the time,Most or all of the time,Rarely or none of the time,Most or all of the time,Rarely or none of the time,Rarely or none of the time,Sometime,A good part of the time,Rarely or none of the time,A good part of the time,A good part of the time,A good part of the time,A little of the time,A good part of the time,Rarely or none of the time,Rarely or none of the time,Male,24,0,0,Yes,Yes,3,4,"Single, never married",,your partner more than you
9/29/2015 20:31:01,Yes,Yes,you more than your partner,you and your partner exactly the same,you more than your partner,you more than your partner,you and your partner exactly the same,you more than your partner,Sometime,A little of the time,A good part of the time,Most or all of the time,A good part of the time,Sometime,Most or all of the time,A little of the time,Rarely or none of the time,A little of the time,A little of the time,A good part of the time,Rarely or none of the time,A little of the time,A little of the time,A good part of the time,Sometime,Most or all of the time,Rarely or none of the time,A little of the time,Sometime,A good part of the time,A little of the time,A good part of the time,A good part of the time,Male,32,1,>5,Yes,Yes,2,2,Married,3,you alone
9/29/2015 20:39:24,Yes,Yes,you and your partner exactly the same,you and your partner exactly the same,you and your partner exactly the same,you and your partner exactly the same,your partner more than you,you and your partner exactly the same,A good part of the time,A little of the time,Most or all of the time,Rarely or none of the time,Most or all of the time,A little of the time,Sometime,A good part of the time,A good part of the time,Rarely or none of the time,A good part of the time,A good part of the time,A good part of the time,A little of the time,Sometime,A good part of the time,A good part of the time,Rarely or none of the time,A good part of the time,A good part of the time,Sometime,A good part of the time,A good part of the time,Rarely or none of the time,A little of the time,Male,32,0,2,Yes,Yes,4,6,"Single, never married",,you and your partner exactly the same
9/30/2015 14:02:58,Yes,Yes,you alone,your partner more than you,you and your partner exactly the same,you and your partner exactly the same,your partner more than you,you and your partner exactly the same,A good part of the time,Rarely or none of the time,Most or all of the time,A good part of the time,Most or all of the time,Rarely or none of the time,A little of the time,A good part of the time,A good part of the time,Rarely or none of the time,A good part of the time,Rarely or none of the time,Most or all of the time,Rarely or none of the time,A little of the time,A good part of the time,Most or all of the time,Rarely or none of the time,Most or all of the time,Most or all of the time,Most or all of the time,Most or all of the time,A good part of the time,Rarely or none of the time,A little of the time,Male,25,1,0,Yes,Yes,6,6,"Single, never married",,you more than your partner
9/30/2015 15:14:36,Yes,Yes,you and your partner exactly the same,you and your partner exactly the same,you and your partner exactly the same,you and your partner exactly the same,you and your partner exactly the same,you and your partner exactly the same,Most or all of the time,Rarely or none of the time,Most or all of the time,Rarely or none of the time,Most or all of the time,Rarely or none of the time,Rarely or none of the time,Most or all of the time,Most or all of the time,Rarely or none of the time,Most or all of the time,Rarely or none of the time,Most or all of the time,Rarely or none of the time,Sometime,Most or all of the time,Most or all of the time,Rarely or none of the time,Most or all of the time,Most or all of the time,Most or all of the time,Sometime,Most or all of the time,Rarely or none of the time,Rarely or none of the time,Male,28,0,1,Yes,Yes,7,6,Married,4.5 years,you and your partner exactly the same
10/1/2015 8:47:27,Yes,Yes,you and your partner exactly the same,you more than your partner,you and your partner exactly the same,you and your partner exactly the same,you and your partner exactly the same,your partner more than you,A good part of the time,A little of the time,Most or all of the time,Rarely or none of the time,Most or all of the time,Rarely or none of the time,A little of the time,Most or all of the time,A good part of the time,Rarely or none of the time,Most or all of the time,Rarely or none of the time,A good part of the time,Rarely or none of the time,Rarely or none of the time,Sometime,A good part of the time,Rarely or none of the time,A good part of the time,A good part of the time,Most or all of the time,A good part of the time,Most or all of the time,Rarely or none of the time,Rarely or none of the time,Male,28,1,0,No,No,,,Married,12 years,you and your partner exactly the same
10/2/2015 6:43:35,Yes,Yes,you more than your partner,your partner more than you,you and your partner exactly the same,you more than your partner,you more than your partner,your partner more than you,A good part of the time,Rarely or none of the time,A good part of the time,Rarely or none of the time,Most or all of the time,Rarely or none of the time,Sometime,Most or all of the time,Most or all of the time,Rarely or none of the time,Most or all of the time,Most or all of the time,Sometime,A good part of the time,Sometime,Sometime,Sometime,Rarely or none of the time,Most or all of the time,Most or all of the time,Most or all of the time,Sometime,Most or all of the time,Rarely or none of the time,Rarely or none of the time,Male,29,1,0,Yes,Yes,0,1,Married,1.5 years,you and your partner exactly the same
10/2/2015 11:34:34,Yes,Yes,you more than your partner,you and your partner exactly the same,you and your partner exactly the same,you and your partner exactly the same,your partner alone,you and your partner exactly the same,A good part of the time,Rarely or none of the time,Most or all of the time,Rarely or none of the time,A good part of the time,Rarely or none of the time,Rarely or none of the time,Most or all of the time,Most or all of the time,Rarely or none of the time,Most or all of the time,Rarely or none of the time,Most or all of the time,Rarely or none of the time,Rarely or none of the time,Sometime,A good part of the time,Rarely or none of the time,Most or all of the time,Most or all of the time,Most or all of the time,Most or all of the time,Most or all of the time,Rarely or none of the time,Rarely or none of the time,Male,,1,0,Yes,Yes,1-2,1-2,"Single, never married",,you and your partner exactly the same
10/2/2015 12:47:08,Yes,Yes,you more than your partner,you and your partner exactly the same,you and your partner exactly the same,you and your partner exactly the same,your partner more than you,you alone,A good part of the time,Rarely or none of the time,Most or all of the time,Rarely or none of the time,Most or all of the time,Rarely or none of the time,Rarely or none of the time,Most or all of the time,Most or all of the time,Rarely or none of the time,Most or all of the time,Rarely or none of the time,Most or all of the time,Rarely or none of the time,Rarely or none of the time,A good part of the time,Sometime,Rarely or none of the time,Most or all of the time,Most or all of the time,,Most or all of the time,Most or all of the time,Rarely or none of the time,Rarely or none of the time,Male,29,0,1,Yes,Yes,6,3,Married,19 months,your partner more than you
10/2/2015 17:41:10,Yes,Yes,you and your partner exactly the same,you alone,you and your partner exactly the same,you alone,your partner alone,your partner more than you,Most or all of the time,A little of the time,Most or all of the time,Sometime,Most or all of the time,Rarely or none of the time,A little of the time,Most or all of the time,Most or all of the time,Rarely or none of the time,Most or all of the time,A little of the time,Most or all of the time,Rarely or none of the time,Sometime,Rarely or none of the time,A good part of the time,Rarely or none of the time,Most or all of the time,Most or all of the time,Sometime,Sometime,Most or all of the time,Rarely or none of the time,Rarely or none of the time,Male,27,2,0,No,Yes,6,0,In a relationship,7,you and your partner exactly the same
10/2/2015 20:02:09,Yes,Yes,you and your partner exactly the same,you and your partner exactly the same,your partner more than you,you and your partner exactly the same,your partner alone,you and your partner exactly the same,A good part of the time,Sometime,Rarely or none of the time,Rarely or none of the time,Most or all of the time,A little of the time,Sometime,A good part of the time,A good part of the time,A little of the time,A good part of the time,A little of the time,Most or all of the time,Rarely or none of the time,A little of the time,A good part of the time,A good part of the time,Rarely or none of the time,A good part of the time,A good part of the time,A good part of the time,Sometime,A good part of the time,Rarely or none of the time,A little of the time,Male,,1,1,Yes,No,,,"Single, never married",,you and your partner exactly the same
10/3/2015 11:05:45,Yes,Yes,you more than your partner,you and your partner exactly the same,you and your partner exactly the same,you and your partner exactly the same,your partner more than you,you and your partner exactly the same,A good part of the time,A little of the time,Most or all of the time,A little of the time,Most or all of the time,A little of the time,Sometime,A good part of the time,A good part of the time,Sometime,Sometime,Rarely or none of the time,A good part of the time,Rarely or none of the time,Most or all of the time,Sometime,A little of the time,A little of the time,A good part of the time,A good part of the time,Most or all of the time,Sometime,Most or all of the time,Rarely or none of the time,A little of the time,Male,34,2,0,No,Yes,5,3,Married,3 years ,you and your partner exactly the same
10/4/2015 18:18:55,Yes,Yes,you alone,you and your partner exactly the same,you more than your partner,you more than your partner,you and your partner exactly the same,you and your partner exactly the same,Most or all of the time,Sometime,Most or all of the time,Most or all of the time,A good part of the time,A good part of the time,A good part of the time,A little of the time,A little of the time,Sometime,A good part of the time,A good part of the time,A little of the time,Sometime,Sometime,A little of the time,A little of the time,A good part of the time,A little of the time,A little of the time,A good part of the time,A good part of the time,A little of the time,A good part of the time,A good part of the time,Male,24,0,1,No,No,,,In a relationship,2 years,you more than your partner
10/4/2015 18:26:05,Yes,Yes,you more than your partner,you and your partner exactly the same,you and your partner exactly the same,you and your partner exactly the same,you and your partner exactly the same,you more than your partner,Most or all of the time,Rarely or none of the time,Most or all of the time,Rarely or none of the time,Most or all of the time,Rarely or none of the time,Rarely or none of the time,Most or all of the time,Most or all of the time,Rarely or none of the time,Most or all of the time,Rarely or none of the time,Most or all of the time,Rarely or none of the time,Rarely or none of the time,Most or all of the time,Most or all of the time,Rarely or none of the time,Most or all of the time,Most or all of the time,A good part of the time,Sometime,Most or all of the time,Rarely or none of the time,Rarely or none of the time,Male,27,0,2,Yes,Yes,2,0,In a relationship,3 years,you and your partner exactly the same
10/4/2015 18:39:15,Yes,Yes,you more than your partner,you and your partner exactly the same,you and your partner exactly the same,you and your partner exactly the same,you and your partner exactly the same,you more than your partner,Most or all of the time,Rarely or none of the time,Most or all of the time,Rarely or none of the time,Most or all of the time,A little of the time,A little of the time,Most or all of the time,Most or all of the time,A little of the time,Most or all of the time,A good part of the time,Most or all of the time,Rarely or none of the time,A little of the time,Sometime,A good part of the time,,Most or all of the time,Most or all of the time,Most or all of the time,Most or all of the time,A good part of the time,Rarely or none of the time,Rarely or none of the time,Male,25,1,0,Yes,Yes,7,4,In a relationship,1 yr,you more than your partner
10/4/2015 19:22:02,No,Yes,your partner more than you,you and your partner exactly the same,you and your partner exactly the same,your partner more than you,you and your partner exactly the same,your partner alone,Most or all of the time,Rarely or none of the time,Most or all of the time,Rarely or none of the time,Most or all of the time,Rarely or none of the time,Sometime,Most or all of the time,Most or all of the time,A little of the time,A good part of the time,A little of the time,Most or all of the time,Rarely or none of the time,Sometime,Sometime,Most or all of the time,Rarely or none of the time,Most or all of the time,Most or all of the time,A good part of the time,A good part of the time,Most or all of the time,Rarely or none of the time,Rarely or none of the time,Female,18,0,2,No,No,,,Married,7 months,your partner alone
10/4/2015 20:04:18,Yes,Yes,you more than your partner,your partner more than you,you and your partner exactly the same,you and your partner exactly the same,you and your partner exactly the same,you more than your partner,A good part of the time,A little of the time,A good part of the time,Rarely or none of the time,Most or all of the time,Rarely or none of the time,Sometime,Most or all of the time,Most or all of the time,A little of the time,A good part of the time,Sometime,Most or all of the time,Rarely or none of the time,Sometime,A good part of the time,Sometime,Rarely or none of the time,Most or all of the time,A good part of the time,Sometime,A good part of the time,A good part of the time,Rarely or none of the time,Rarely or none of the time,Male,24,1,0,Yes,Yes,4,7,In a relationship,6 months,you more than your partner
10/5/2015 2:35:44,Yes,Yes,you more than your partner,you and your partner exactly the same,you more than your partner,you and your partner exactly the same,your partner more than you,your partner more than you,,,,,,,,,,,,,,,,,,,,,,,,,,Male,27,0,1,Yes,Yes,1,2,"Single, never married",,you and your partner exactly the same
10/5/2015 12:35:44,Yes,Yes,you more than your partner,you and your partner exactly the same,you more than your partner,you and your partner exactly the same,you and your partner exactly the same,you more than your partner,Most or all of the time,Rarely or none of the time,Most or all of the time,Sometime,Most or all of the time,Rarely or none of the time,A little of the time,Most or all of the time,Most or all of the time,Rarely or none of the time,A good part of the time,A little of the time,Most or all of the time,A little of the time,A little of the time,Most or all of the time,Most or all of the time,A little of the time,Most or all of the time,Most or all of the time,Most or all of the time,A good part of the time,Most or all of the time,Rarely or none of the time,Rarely or none of the time,Male,55,1,0,Yes,Yes,12,4,Married,28 years,you and your partner exactly the same
10/5/2015 20:28:21,Yes,Yes,your partner more than you,you and your partner exactly the same,you more than your partner,you and your partner exactly the same,your partner more than you,you and your partner exactly the same,Most or all of the time,Sometime,A good part of the time,A good part of the time,Most or all of the time,Rarely or none of the time,Sometime,A good part of the time,Sometime,Rarely or none of the time,A good part of the time,Sometime,A good part of the time,Rarely or none of the time,Sometime,Sometime,A good part of the time,Rarely or none of the time,A good part of the time,Most or all of the time,Most or all of the time,Most or all of the time,Most or all of the time,Rarely or none of the time,Rarely or none of the time,Male,58,2,0,Yes,No,NA,NA,Married,30,you and your partner exactly the same
10/6/2015 7:55:03,Yes,Yes,you more than your partner,you and your partner exactly the same,you and your partner exactly the same,you and your partner exactly the same,you and your partner exactly the same,your partner more than you,A good part of the time,Rarely or none of the time,A good part of the time,Rarely or none of the time,A good part of the time,Rarely or none of the time,A little of the time,Most or all of the time,A good part of the time,Rarely or none of the time,A good part of the time,Rarely or none of the time,A good part of the time,Rarely or none of the time,Rarely or none of the time,Most or all of the time,A good part of the time,Rarely or none of the time,A good part of the time,A good part of the time,A good part of the time,A little of the time,A good part of the time,Rarely or none of the time,Rarely or none of the time,Male,47,1,1,Yes,No,,,Married,20,your partner more than you
10/6/2015 8:11:05,Yes,Yes,you more than your partner,you and your partner exactly the same,you more than your partner,you and your partner exactly the same,you and your partner exactly the same,you and your partner exactly the same,A good part of the time,A good part of the time,A good part of the time,Most or all of the time,Most or all of the time,Rarely or none of the time,A little of the time,Most or all of the time,Most or all of the time,A little of the time,A good part of the time,Rarely or none of the time,Most or all of the time,Rarely or none of the time,A little of the time,Sometime,A good part of the time,Rarely or none of the time,Most or all of the time,Most or all of the time,Most or all of the time,Most or all of the time,Most or all of the time,Rarely or none of the time,Rarely or none of the time,Male,51,0,2,Yes,Yes,0,4,Married,,your partner more than you
10/6/2015 9:06:42,Yes,Yes,you more than your partner,you and your partner exactly the same,you more than your partner,you and your partner exactly the same,your partner more than you,you alone,A good part of the time,Rarely or none of the time,A good part of the time,Rarely or none of the time,Most or all of the time,Rarely or none of the time,A little of the time,A good part of the time,A good part of the time,A little of the time,A good part of the time,A little of the time,A good part of the time,Rarely or none of the time,Sometime,A good part of the time,Sometime,Rarely or none of the time,A good part of the time,A good part of the time,A good part of the time,A little of the time,A good part of the time,Rarely or none of the time,Rarely or none of the time,Male,50,2,1,Yes,Yes,30,10,Married,21 years,you more than your partner
10/6/2015 14:07:59,Yes,Yes,you alone,your partner alone,you alone,you more than your partner,your partner alone,your partner alone,Most or all of the time,Rarely or none of the time,Most or all of the time,Rarely or none of the time,Most or all of the time,Rarely or none of the time,Rarely or none of the time,Most or all of the time,Most or all of the time,Rarely or none of the time,Most or all of the time,Most or all of the time,Most or all of the time,Rarely or none of the time,Rarely or none of the time,Most or all of the time,Most or all of the time,Rarely or none of the time,Most or all of the time,Most or all of the time,Most or all of the time,Most or all of the time,Most or all of the time,Rarely or none of the time,Most or all of the time,Male,49,0,2,Yes,No,,,Married,20 Years,your partner alone
10/6/2015 20:23:30,Yes,Yes,you more than your partner,you and your partner exactly the same,you and your partner exactly the same,you more than your partner,your partner more than you,you more than your partner,A good part of the time,Rarely or none of the time,A good part of the time,Rarely or none of the time,Most or all of the time,Rarely or none of the time,Rarely or none of the time,A good part of the time,A good part of the time,A little of the time,A good part of the time,A little of the time,A good part of the time,Rarely or none of the time,A little of the time,A good part of the time,A good part of the time,Rarely or none of the time,A good part of the time,A good part of the time,Most or all of the time,A good part of the time,A good part of the time,Rarely or none of the time,Rarely or none of the time,Male,28,0,0,No,Yes,5,3,"Single, never married",,you more than your partner
10/10/2015 7:59:36,Yes,Yes,you and your partner exactly the same,you and your partner exactly the same,you and your partner exactly the same,you and your partner exactly the same,you and your partner exactly the same,you and your partner exactly the same,A good part of the time,A little of the time,A good part of the time,A little of the time,Most or all of the time,Rarely or none of the time,,A good part of the time,A good part of the time,Rarely or none of the time,A good part of the time,Rarely or none of the time,A good part of the time,Rarely or none of the time,Rarely or none of the time,A good part of the time,A good part of the time,,,A good part of the time,A good part of the time,A good part of the time,A good part of the time,Rarely or none of the time,Rarely or none of the time,Male,28,>5,>5,Yes,Yes,50,70,In a relationship,2 years,you and your partner exactly the same
10/11/2015 22:36:27,Yes,Yes,you alone,your partner more than you,you and your partner exactly the same,you and your partner exactly the same,you and your partner exactly the same,your partner alone,A good part of the time,Sometime,A good part of the time,Rarely or none of the time,Most or all of the time,Rarely or none of the time,Rarely or none of the time,A good part of the time,A good part of the time,Rarely or none of the time,A good part of the time,A little of the time,A good part of the time,Rarely or none of the time,Sometime,A good part of the time,A good part of the time,Rarely or none of the time,A good part of the time,Most or all of the time,A good part of the time,Most or all of the time,A good part of the time,Rarely or none of the time,Sometime,Male,25,0,1,No,Yes,5,10,In a relationship,2 yrs,your partner more than you
10/17/2015 4:40:52,Yes,Yes,you and your partner exactly the same,your partner more than you,you and your partner exactly the same,you and your partner exactly the same,you and your partner exactly the same,you and your partner exactly the same,Most or all of the time,Rarely or none of the time,Most or all of the time,Rarely or none of the time,Most or all of the time,Rarely or none of the time,Rarely or none of the time,Most or all of the time,Most or all of the time,Rarely or none of the time,Most or all of the time,Rarely or none of the time,Most or all of the time,Rarely or none of the time,Sometime,Most or all of the time,Most or all of the time,Rarely or none of the time,Most or all of the time,Most or all of the time,Most or all of the time,Most or all of the time,Most or all of the time,Rarely or none of the time,Rarely or none of the time,Male,25,0,0,Yes,Yes,5,5,"Single, never married",25,you and your partner exactly the same
10/19/2015 4:46:08,Yes,Yes,you and your partner exactly the same,you and your partner exactly the same,you and your partner exactly the same,you and your partner exactly the same,your partner more than you,you and your partner exactly the same,Sometime,Rarely or none of the time,Most or all of the time,Rarely or none of the time,Most or all of the time,Rarely or none of the time,A little of the time,Most or all of the time,Sometime,A little of the time,Sometime,Rarely or none of the time,A good part of the time,Rarely or none of the time,Rarely or none of the time,A little of the time,Sometime,Rarely or none of the time,A good part of the time,Most or all of the time,Most or all of the time,Sometime,Most or all of the time,Rarely or none of the time,Rarely or none of the time,Male,25,0,1,Yes,No,,,In a relationship,3,you and your partner exactly the same
10/19/2015 22:40:40,Yes,Yes,you and your partner exactly the same,you and your partner exactly the same,you more than your partner,you and your partner exactly the same,you and your partner exactly the same,you more than your partner,Most or all of the time,Rarely or none of the time,Most or all of the time,Rarely or none of the time,Most or all of the time,Rarely or none of the time,A little of the time,Most or all of the time,Most or all of the time,Rarely or none of the time,Most or all of the time,A little of the time,Most or all of the time,Rarely or none of the time,Rarely or none of the time,Sometime,A good part of the time,Rarely or none of the time,Most or all of the time,Most or all of the time,Most or all of the time,Sometime,Most or all of the time,Rarely or none of the time,A little of the time,Male,27,0,1,Yes,Yes,1,1,In a relationship,4 years,you and your partner exactly the same